Image Name,Output
images (1).jpg,"Here's the analysis of the image:

---

### 1. Brief Alt Text

A cute, fluffy dog wearing a festive party hat and reflective blue sunglasses against a bright yellow background.

---

### 2. Detailed Description

This is a vibrant, close-up, eye-level portrait of a small, fluffy dog, possibly a Shih Tzu or a similar breed, dressed in celebratory attire. The dog's fur is a mix of white and light brown or grey, particularly around its ears and the top of its head, while the visible body fur appears predominantly white.

Perched squarely on its head is a classic conical party hat. The hat is white with a playful, scattered pattern of pastel-colored stars and shapes in pink, blue, yellow, and orange, and it's topped with a small, fluffy white pom-pom. Adding to its ""cool"" factor, the dog wears a pair of aviator-style sunglasses with thin silver frames and highly reflective, mirrored blue lenses that completely obscure its eyes. The sunglasses fit perfectly on its snout, giving the dog a confident and slightly mysterious, yet utterly charming, expression.

The dog is looking slightly upwards and to its left, with its small black nose and a hint of its muzzle visible beneath the sunglasses. The background is a solid, bright, and uniform yellow, creating a cheerful and uncluttered setting that makes the dog and its accessories pop. The lighting is soft and even, highlighting the dog's fur and the reflective quality of the sunglasses without harsh shadows. The overall image exudes a playful, celebratory, and stylishly humorous vibe, perfectly capturing a moment of pet-centric fun.

---

### 3. SEO Caption

Look who's ready to paw-ty! 🎉 This incredibly cute and cool fluffy dog is sporting the ultimate celebration look: a festive party hat and stylish reflective sunglasses against a bright yellow background. Whether it's a birthday, adoption-day, or just a Tuesday, this pup knows how to bring the happy vibes! 😎🐶 What's your pet's signature party look? Share below! 👇

#DogsofInstagram #CuteDog #PartyDog #BirthdayVibes #DogInSunglasses #PartyHat #CoolPup #PetCelebration #FluffyDog #HappyDog #AnimalHumor #InstaDog #GoodVibes #PetPhotography #DogLife #AdorablePet #PawtyTime #YellowBackground #DogFashion #PetStyle #CelebrationMood"
